m, n, rs_src, cs_src, rs_dst, cs_dst, GB_per_s
4, 4, 4, 1, 1, 4, 13.241379
8, 4, 4, 1, 1, 4, 25.685619
12, 4, 4, 1, 1, 4, 36.687901
16, 4, 4, 1, 1, 4, 48.150471
20, 4, 4, 1, 1, 4, 52.032520
24, 4, 4, 1, 1, 4, 62.779289
28, 4, 4, 1, 1, 4, 68.223351
