m, n, rs_src, cs_src, rs_dst, cs_dst, GB_per_s
4, 4, 4, 1, 1, 4, 13.913044
4, 8, 8, 1, 1, 8, 26.853146
4, 12, 12, 1, 1, 12, 38.272423
4, 16, 16, 1, 1, 16, 47.261539
4, 20, 20, 1, 1, 20, 54.390938
4, 24, 24, 1, 1, 24, 65.084747
4, 28, 28, 1, 1, 28, 65.084747
