m, n, rs_src, cs_src, rs_dst, cs_dst, GB_per_s
4, 4, 4, 1, 1, 4, 16.842106
8, 4, 4, 1, 1, 4, 32.961372
12, 4, 4, 1, 1, 4, 49.655174
16, 4, 4, 1, 1, 4, 66.493507
20, 4, 4, 1, 1, 4, 83.842796
24, 4, 4, 1, 1, 4, 98.884117
28, 4, 4, 1, 1, 4, 115.862076
