m, n, rs_src, cs_src, rs_dst, cs_dst, GB_per_s
4, 4, 4, 1, 1, 4, 14.014599
8, 4, 4, 1, 1, 4, 26.666666
12, 4, 4, 1, 1, 4, 38.019802
16, 4, 4, 1, 1, 4, 50.860928
20, 4, 4, 1, 1, 4, 53.932583
24, 4, 4, 1, 1, 4, 63.471073
28, 4, 4, 1, 1, 4, 70.923485
