m, n, rs_src, cs_src, rs_dst, cs_dst, GB_per_s
4, 4, 4, 1, 1, 4, 14.117647
4, 8, 8, 1, 1, 8, 26.947369
4, 12, 12, 1, 1, 12, 38.400002
4, 16, 16, 1, 1, 16, 47.407406
4, 20, 20, 1, 1, 20, 54.545452
4, 24, 24, 1, 1, 24, 65.269127
4, 28, 28, 1, 1, 28, 65.242714
