m, n, rs_src, cs_src, rs_dst, cs_dst, GB_per_s
4, 4, 4, 1, 1, 4, 13.473684
4, 8, 8, 1, 1, 8, 25.430464
4, 12, 12, 1, 1, 12, 36.923077
4, 16, 16, 1, 1, 16, 46.829269
4, 20, 20, 1, 1, 20, 52.602737
4, 24, 24, 1, 1, 24, 63.822712
4, 28, 28, 1, 1, 28, 64.927536
