m, n, rs_src, cs_src, rs_dst, cs_dst, GB_per_s
4, 4, 4, 1, 1, 4, 14.117647
8, 4, 4, 1, 1, 4, 26.853146
12, 4, 4, 1, 1, 4, 38.145695
16, 4, 4, 1, 1, 4, 51.371239
20, 4, 4, 1, 1, 4, 54.857140
24, 4, 4, 1, 1, 4, 65.454544
28, 4, 4, 1, 1, 4, 71.111107
