m, n, rs_src, cs_src, rs_dst, cs_dst, GB_per_s
4, 4, 1, 4, 1, 4, 7.983368
8, 8, 1, 8, 1, 8, 13.195876
12, 12, 1, 12, 1, 12, 14.406002
16, 16, 1, 16, 1, 16, 15.241876
20, 20, 1, 20, 1, 20, 16.415869
24, 24, 1, 24, 1, 24, 16.823658
28, 28, 1, 28, 1, 28, 17.119461
