m, n, rs_src, cs_src, rs_dst, cs_dst, GB_per_s
4, 4, 1, 4, 4, 1, 14.065933
8, 8, 1, 8, 8, 1, 50.860928
12, 12, 1, 12, 12, 1, 85.544556
16, 16, 1, 16, 16, 1, 121.663361
20, 20, 1, 20, 20, 1, 159.733780
24, 24, 1, 24, 24, 1, 179.765930
28, 28, 1, 28, 28, 1, 204.078094
