m, n, rs_src, cs_src, rs_dst, cs_dst, GB_per_s
4, 4, 1, 4, 4, 1, 16.768559
8, 8, 1, 8, 8, 1, 73.846153
12, 12, 1, 12, 12, 1, 167.766983
16, 16, 1, 16, 16, 1, 298.252411
20, 20, 1, 20, 20, 1, 463.768097
24, 24, 1, 24, 24, 1, 671.067932
28, 28, 1, 28, 28, 1, 908.985474
