m, n, rs_src, cs_src, rs_dst, cs_dst, GB_per_s
4, 4, 1, 4, 4, 1, 13.150684
8, 8, 1, 8, 8, 1, 47.850468
12, 12, 1, 12, 12, 1, 80.936768
16, 16, 1, 16, 16, 1, 124.121216
20, 20, 1, 20, 20, 1, 157.635468
24, 24, 1, 24, 24, 1, 181.655716
28, 28, 1, 28, 28, 1, 203.636368
