m, n, rs_src, cs_src, rs_dst, cs_dst, GB_per_s
4, 4, 4, 1, 1, 4, 16.551725
8, 8, 8, 1, 1, 8, 73.846153
12, 12, 12, 1, 1, 12, 168.585358
16, 16, 16, 1, 1, 16, 298.252411
20, 20, 20, 1, 1, 20, 468.292664
24, 24, 24, 1, 1, 24, 655.165894
28, 28, 28, 1, 1, 28, 913.398071
