m, n, rs_src, cs_src, rs_dst, cs_dst, GB_per_s
4, 4, 4, 1, 4, 1, 16.842106
8, 8, 8, 1, 8, 1, 74.926826
12, 12, 12, 1, 12, 1, 167.766983
16, 16, 16, 1, 16, 1, 295.384613
20, 20, 20, 1, 20, 1, 347.826080
24, 24, 24, 1, 24, 1, 667.826050
28, 28, 28, 1, 28, 1, 917.853638
