m, n, rs_src, cs_src, rs_dst, cs_dst, GB_per_s
4, 4, 4, 1, 1, 4, 14.117647
8, 8, 8, 1, 1, 8, 51.029900
12, 12, 12, 1, 1, 12, 85.970154
16, 16, 16, 1, 1, 16, 125.644180
20, 20, 20, 1, 1, 20, 145.454544
24, 24, 24, 1, 1, 24, 184.074570
28, 28, 28, 1, 1, 28, 205.414856
