m, n, rs_src, cs_src, rs_dst, cs_dst, GB_per_s
4, 4, 8, 4, 4, 2, 16.768559
8, 8, 16, 8, 8, 2, 73.492821
12, 12, 24, 12, 12, 2, 164.571426
16, 16, 32, 16, 16, 2, 298.252411
20, 20, 40, 20, 20, 2, 461.538452
24, 24, 48, 24, 24, 2, 674.341431
28, 28, 56, 28, 28, 2, 908.985474
