m, n, rs_src, cs_src, rs_dst, cs_dst, GB_per_s
4, 4, 1, 4, 4, 1, 13.913044
8, 8, 1, 8, 8, 1, 51.029900
12, 12, 1, 12, 12, 1, 86.400002
16, 16, 1, 16, 16, 1, 119.999992
20, 20, 1, 20, 20, 1, 138.929092
24, 24, 1, 24, 24, 1, 182.857132
28, 28, 1, 28, 28, 1, 188.537079
