m, n, rs_src, cs_src, rs_dst, cs_dst, GB_per_s
4, 4, 8, 4, 4, 2, 7.773279
8, 8, 16, 8, 8, 2, 13.592920
12, 12, 24, 12, 12, 2, 14.902975
16, 16, 32, 16, 16, 2, 16.062746
20, 20, 40, 20, 20, 2, 16.730568
24, 24, 48, 24, 24, 2, 17.136482
28, 28, 56, 28, 28, 2, 17.353132
