m, n, rs_src, cs_src, rs_dst, cs_dst, GB_per_s
4, 4, 4, 1, 1, 4, 13.241379
8, 8, 8, 1, 1, 8, 49.230770
12, 12, 12, 1, 1, 12, 77.315437
16, 16, 16, 1, 1, 16, 120.707268
20, 20, 20, 1, 1, 20, 148.837204
24, 24, 24, 1, 1, 24, 181.655716
28, 28, 28, 1, 1, 28, 196.000000
