m, n, rs_src, cs_src, rs_dst, cs_dst, GB_per_s
4, 4, 4, 1, 4, 1, 8.495575
8, 8, 8, 1, 8, 1, 16.786884
12, 12, 12, 1, 12, 1, 19.393938
16, 16, 16, 1, 16, 1, 22.005732
20, 20, 20, 1, 20, 1, 14.203284
24, 24, 24, 1, 24, 1, 24.121445
28, 28, 28, 1, 28, 1, 23.266970
