m, n, rs_src, cs_src, rs_dst, cs_dst, GB_per_s
4, 4, 4, 1, 1, 4, 13.061224
8, 8, 8, 1, 1, 8, 49.073483
12, 12, 12, 1, 1, 12, 82.090256
16, 16, 16, 1, 1, 16, 115.056183
20, 20, 20, 1, 1, 20, 146.341461
24, 24, 24, 1, 1, 24, 181.655716
28, 28, 28, 1, 1, 28, 194.782608
