m, n, rs_src, cs_src, rs_dst, cs_dst, GB_per_s
4, 4, 4, 1, 4, 1, 8.067226
8, 8, 8, 1, 8, 1, 14.490566
12, 12, 12, 1, 12, 1, 16.286524
16, 16, 16, 1, 16, 1, 18.916256
20, 20, 20, 1, 20, 1, 20.622986
24, 24, 24, 1, 24, 1, 22.617800
28, 28, 28, 1, 28, 1, 23.981647
