m, n, rs_src, cs_src, rs_dst, cs_dst, GB_per_s
4, 4, 8, 4, 4, 2, 7.300380
8, 8, 16, 8, 8, 2, 12.842810
12, 12, 24, 12, 12, 2, 14.204686
16, 16, 32, 16, 16, 2, 15.546558
20, 20, 40, 20, 20, 2, 16.340425
24, 24, 48, 24, 24, 2, 16.756363
28, 28, 56, 28, 28, 2, 17.075960
