m, n, rs_src, cs_src, rs_dst, cs_dst, GB_per_s
4, 4, 4, 1, 4, 1, 8.222698
8, 8, 8, 1, 8, 1, 16.823658
12, 12, 12, 1, 12, 1, 19.884924
16, 16, 16, 1, 16, 1, 22.638172
20, 20, 20, 1, 20, 1, 24.396441
24, 24, 24, 1, 24, 1, 25.562130
28, 28, 28, 1, 28, 1, 25.796545
