m, n, rs_src, cs_src, rs_dst, cs_dst, GB_per_s
4, 4, 1, 4, 4, 1, 13.241379
8, 8, 1, 8, 8, 1, 49.073483
12, 12, 1, 12, 12, 1, 82.090256
16, 16, 1, 16, 16, 1, 124.624756
20, 20, 1, 20, 20, 1, 159.203979
24, 24, 1, 24, 24, 1, 181.655716
28, 28, 1, 28, 28, 1, 204.744293
