m, n, rs_src, cs_src, rs_dst, cs_dst, GB_per_s
4, 4, 1, 4, 1, 4, 8.421053
8, 8, 1, 8, 1, 8, 16.732025
12, 12, 1, 12, 1, 12, 19.569649
16, 16, 1, 16, 1, 16, 22.212582
20, 20, 1, 20, 1, 20, 23.940149
24, 24, 1, 24, 1, 24, 25.093483
28, 28, 1, 28, 1, 28, 25.824869
