m, n, rs_src, cs_src, rs_dst, cs_dst, GB_per_s
4, 4, 1, 4, 1, 4, 7.500000
8, 8, 1, 8, 1, 8, 16.498388
12, 12, 1, 12, 1, 12, 19.307262
16, 16, 1, 16, 1, 16, 21.794962
20, 20, 1, 20, 1, 20, 23.546726
24, 24, 1, 24, 1, 24, 21.495878
28, 28, 1, 28, 1, 28, 22.871035
