m, n, rs_src, cs_src, rs_dst, cs_dst, GB_per_s
4, 4, 8, 4, 4, 2, 7.573965
8, 8, 16, 8, 8, 2, 14.573054
12, 12, 24, 12, 12, 2, 16.891497
16, 16, 32, 16, 16, 2, 19.021673
20, 20, 40, 20, 20, 2, 20.308865
24, 24, 48, 24, 24, 2, 21.118240
28, 28, 56, 28, 28, 2, 21.805540
