m, n, rs_src, cs_src, rs_dst, cs_dst, GB_per_s
4, 4, 4, 1, 4, 1, 8.366013
8, 8, 8, 1, 8, 1, 16.641386
12, 12, 12, 1, 12, 1, 19.404829
16, 16, 16, 1, 16, 1, 21.520142
20, 20, 20, 1, 20, 1, 23.791822
24, 24, 24, 1, 24, 1, 25.011761
28, 28, 28, 1, 28, 1, 25.733042
