m, n, rs_src, cs_src, rs_dst, cs_dst, GB_per_s
4, 4, 1, 4, 1, 4, 7.470817
8, 8, 1, 8, 1, 8, 11.770115
12, 12, 1, 12, 1, 12, 14.322420
16, 16, 1, 16, 1, 16, 15.448831
20, 20, 1, 20, 1, 20, 16.399044
24, 24, 1, 24, 1, 24, 16.786884
28, 28, 1, 28, 1, 28, 17.114790
